"punctuatedPartNumber","partDescr","productId","originalRetailPrice","brandName",""
"0101-3337",HELMET FX90 BLACK XS,1417,89.95,AFX,https://asset.lemansplatform.com/media/edge/4/7/2/472D5DEF-8374-45C6-A2B6-7BBADB9A7C77.png
"0101-3338",HELMET FX90 BLACK SM,1417,89.95,AFX,https://asset.lemansplatform.com/media/edge/4/7/2/472D5DEF-8374-45C6-A2B6-7BBADB9A7C77.png
"0101-3339",HELMET FX90 BLACK MD,1417,89.95,AFX,https://asset.lemansplatform.com/media/edge/4/7/2/472D5DEF-8374-45C6-A2B6-7BBADB9A7C77.png
"0101-3340",HELMET FX90 BLACK LG,1417,89.95,AFX,https://asset.lemansplatform.com/media/edge/4/7/2/472D5DEF-8374-45C6-A2B6-7BBADB9A7C77.png
"0101-3341",HELMET FX90 BLACK XL,1417,89.95,AFX,https://asset.lemansplatform.com/media/edge/4/7/2/472D5DEF-8374-45C6-A2B6-7BBADB9A7C77.png
"0101-3342",HELMET FX90 BLACK XXL,1417,89.95,AFX,https://asset.lemansplatform.com/media/edge/4/7/2/472D5DEF-8374-45C6-A2B6-7BBADB9A7C77.png
"0101-3343",HELMET FX90 FLAT BLACK XS,1417,89.95,AFX,https://asset.lemansplatform.com/media/edge/F/D/3/FD36684E-80DB-4183-BF5A-DA8CC5C9DEF9.png
"0101-3344",HELMET FX90 FLAT BLACK SM,1417,89.95,AFX,https://asset.lemansplatform.com/media/edge/F/D/3/FD36684E-80DB-4183-BF5A-DA8CC5C9DEF9.png
"0101-3345",HELMET FX90 FLAT BLACK MD,1417,89.95,AFX,https://asset.lemansplatform.com/media/edge/F/D/3/FD36684E-80DB-4183-BF5A-DA8CC5C9DEF9.png
"0101-3346",HELMET FX90 FLAT BLACK LG,1417,89.95,AFX,https://asset.lemansplatform.com/media/edge/F/D/3/FD36684E-80DB-4183-BF5A-DA8CC5C9DEF9.png
"0101-3347",HELMET FX90 FLAT BLACK XL,1417,89.95,AFX,https://asset.lemansplatform.com/media/edge/F/D/3/FD36684E-80DB-4183-BF5A-DA8CC5C9DEF9.png
"0101-3348",HELMET FX90 FLAT BLK XXL,1417,89.95,AFX,https://asset.lemansplatform.com/media/edge/F/D/3/FD36684E-80DB-4183-BF5A-DA8CC5C9DEF9.png
"0101-3558",HELMET K3 WHITE XXL,1717,179.95,AGV,https://asset.lemansplatform.com/media/edge/0/E/E/0EEFE8BE-EF84-431D-9BA7-23678FA6D921.png
"0101-3997",HELMET FX90 SILVER XS,1417,89.95,AFX,https://asset.lemansplatform.com/media/edge/9/E/4/9E49C79E-4074-4436-BC07-F356CC9D7094.png
"0101-3998",HELMET FX90 SILVER SM,1417,89.95,AFX,https://asset.lemansplatform.com/media/edge/9/E/4/9E49C79E-4074-4436-BC07-F356CC9D7094.png
"0101-3999",HELMET FX90 SILVER MD,1417,89.95,AFX,https://asset.lemansplatform.com/media/edge/9/E/4/9E49C79E-4074-4436-BC07-F356CC9D7094.png
"0101-4000",HELMET FX90 SILVER LG,1417,89.95,AFX,https://asset.lemansplatform.com/media/edge/9/E/4/9E49C79E-4074-4436-BC07-F356CC9D7094.png
"0101-4001",HELMET FX90 SILVER XL,1417,89.95,AFX,https://asset.lemansplatform.com/media/edge/9/E/4/9E49C79E-4074-4436-BC07-F356CC9D7094.png
"0101-4002",HELMET FX90 SILVER XXL,1417,89.95,AFX,https://asset.lemansplatform.com/media/edge/9/E/4/9E49C79E-4074-4436-BC07-F356CC9D7094.png
"0101-4003",HELMET FX90 P-WHT XS,1417,89.95,AFX,https://asset.lemansplatform.com/media/edge/7/3/2/73239973-9B06-462A-B008-0EE971518869.png
"0101-4004",HELMET FX90 P-WHT SM,1417,89.95,AFX,https://asset.lemansplatform.com/media/edge/7/3/2/73239973-9B06-462A-B008-0EE971518869.png
"0101-4005",HELMET FX90 P-WHT MD,1417,89.95,AFX,https://asset.lemansplatform.com/media/edge/7/3/2/73239973-9B06-462A-B008-0EE971518869.png
"0101-4006",HELMET FX90 P-WHT LG,1417,89.95,AFX,https://asset.lemansplatform.com/media/edge/7/3/2/73239973-9B06-462A-B008-0EE971518869.png
"0101-4008",HELMET FX90 P-WHT XXL,1417,89.95,AFX,https://asset.lemansplatform.com/media/edge/7/3/2/73239973-9B06-462A-B008-0EE971518869.png
"0101-4009",HELMET FX90 WINE RED XS,1417,89.95,AFX,https://asset.lemansplatform.com/media/edge/F/0/6/F0647B12-99E7-4E8A-99B0-F3E0EE3CCD0D.png
"0101-4010",HELMET FX90 WINE RED SM,1417,89.95,AFX,https://asset.lemansplatform.com/media/edge/F/0/6/F0647B12-99E7-4E8A-99B0-F3E0EE3CCD0D.png
"0101-4011",HELMET FX90 WINE RED MD,1417,89.95,AFX,https://asset.lemansplatform.com/media/edge/F/0/6/F0647B12-99E7-4E8A-99B0-F3E0EE3CCD0D.png
"0101-4012",HELMET FX90 WINE RED LG,1417,89.95,AFX,https://asset.lemansplatform.com/media/edge/F/0/6/F0647B12-99E7-4E8A-99B0-F3E0EE3CCD0D.png
"0101-4013",HELMET FX90 WINE RED XL,1417,89.95,AFX,https://asset.lemansplatform.com/media/edge/F/0/6/F0647B12-99E7-4E8A-99B0-F3E0EE3CCD0D.png
"0101-4015",HELMET FX90 RED XS,1417,89.95,AFX,https://asset.lemansplatform.com/media/edge/5/B/B/5BB92192-2D0B-4276-AB9C-531D8716C3C4.png
"0101-4017",HELMET FX90 RED MD,1417,89.95,AFX,https://asset.lemansplatform.com/media/edge/5/B/B/5BB92192-2D0B-4276-AB9C-531D8716C3C4.png
"0101-4018",HELMET FX90 RED LG,1417,89.95,AFX,https://asset.lemansplatform.com/media/edge/5/B/B/5BB92192-2D0B-4276-AB9C-531D8716C3C4.png
"0101-4019",HELMET FX90 RED XL,1417,89.95,AFX,https://asset.lemansplatform.com/media/edge/5/B/B/5BB92192-2D0B-4276-AB9C-531D8716C3C4.png
"0101-4020",HELMET FX90 RED XXL,1417,89.95,AFX,https://asset.lemansplatform.com/media/edge/5/B/B/5BB92192-2D0B-4276-AB9C-531D8716C3C4.png
"0101-4021",HELMET FX90 BLUE XS,1417,89.95,AFX,https://asset.lemansplatform.com/media/edge/5/5/3/553F3420-F121-4DD0-A182-5A472B1167E4.png
"0101-4022",HELMET FX90 BLUE SM,1417,89.95,AFX,https://asset.lemansplatform.com/media/edge/5/5/3/553F3420-F121-4DD0-A182-5A472B1167E4.png
"0101-4023",HELMET FX90 BLUE MD,1417,89.95,AFX,https://asset.lemansplatform.com/media/edge/5/5/3/553F3420-F121-4DD0-A182-5A472B1167E4.png
"0101-4024",HELMET FX90 BLUE LG,1417,89.95,AFX,https://asset.lemansplatform.com/media/edge/5/5/3/553F3420-F121-4DD0-A182-5A472B1167E4.png
"0101-4025",HELMET FX90 BLUE XL,1417,89.95,AFX,https://asset.lemansplatform.com/media/edge/5/5/3/553F3420-F121-4DD0-A182-5A472B1167E4.png
"0101-5274",HELMET K3 DREAMTIME XS,1711,229.95,AGV,https://asset.lemansplatform.com/media/edge/C/4/9/C49505E2-650D-4328-ABF1-E6217F9F1469.png
"0101-5275",HELMET K3 DREAMTIME SM,1711,229.95,AGV,https://asset.lemansplatform.com/media/edge/C/4/9/C49505E2-650D-4328-ABF1-E6217F9F1469.png
"0101-5276",HELMET K3 DREAMTIME MD,1711,229.95,AGV,https://asset.lemansplatform.com/media/edge/C/4/9/C49505E2-650D-4328-ABF1-E6217F9F1469.png
"0101-5277",HELMET K3 DREAMTIME LG,1711,229.95,AGV,https://asset.lemansplatform.com/media/edge/C/4/9/C49505E2-650D-4328-ABF1-E6217F9F1469.png
"0101-5278",HELMET K3 DREAMTIME XL,1711,229.95,AGV,https://asset.lemansplatform.com/media/edge/C/4/9/C49505E2-650D-4328-ABF1-E6217F9F1469.png
"0101-5279",HELMET K3 DREAMTIME 2XL,1711,229.95,AGV,https://asset.lemansplatform.com/media/edge/C/4/9/C49505E2-650D-4328-ABF1-E6217F9F1469.png
"0101-5742",HELMET FX90 HI-VIS YEL XS,1417,89.95,AFX,https://asset.lemansplatform.com/media/edge/E/A/1/EA1061F8-2B54-4CF7-A3B9-9FEC195F7A9D.png
"0101-5743",HELMET FX90 HI-VIS YEL SM,1417,89.95,AFX,https://asset.lemansplatform.com/media/edge/E/A/1/EA1061F8-2B54-4CF7-A3B9-9FEC195F7A9D.png
"0101-5744",HELMET FX90 HI-VIS YEL MD,1417,89.95,AFX,https://asset.lemansplatform.com/media/edge/E/A/1/EA1061F8-2B54-4CF7-A3B9-9FEC195F7A9D.png
"0101-5745",HELMET FX90 HI-VIS YEL LG,1417,89.95,AFX,https://asset.lemansplatform.com/media/edge/E/A/1/EA1061F8-2B54-4CF7-A3B9-9FEC195F7A9D.png
"0101-5746",HELMET FX90 HI-VIS YEL XL,1417,89.95,AFX,https://asset.lemansplatform.com/media/edge/E/A/1/EA1061F8-2B54-4CF7-A3B9-9FEC195F7A9D.png
"0101-5747",HELMET FX90 HI-VIS YEL 2X,1417,89.95,AFX,https://asset.lemansplatform.com/media/edge/E/A/1/EA1061F8-2B54-4CF7-A3B9-9FEC195F7A9D.png
"0101-5748",HELMET FX90 SAFETY ORG XS,1417,89.95,AFX,https://asset.lemansplatform.com/media/edge/C/7/A/C7A1D12E-62D1-4595-A5E7-AA8EADE82BF5.png
"0101-5749",HELMET FX90 SAFETY ORG SM,1417,89.95,AFX,https://asset.lemansplatform.com/media/edge/C/7/A/C7A1D12E-62D1-4595-A5E7-AA8EADE82BF5.png
"0101-5750",HELMET FX90 SAFETY ORG MD,1417,89.95,AFX,https://asset.lemansplatform.com/media/edge/C/7/A/C7A1D12E-62D1-4595-A5E7-AA8EADE82BF5.png
"0101-5751",HELMET FX90 SAFETY ORG LG,1417,89.95,AFX,https://asset.lemansplatform.com/media/edge/C/7/A/C7A1D12E-62D1-4595-A5E7-AA8EADE82BF5.png
"0101-5752",HELMET FX90 SAFETY ORG XL,1417,89.95,AFX,https://asset.lemansplatform.com/media/edge/C/7/A/C7A1D12E-62D1-4595-A5E7-AA8EADE82BF5.png
"0101-5753",HELMET FX90 SAFETY ORG 2X,1417,89.95,AFX,https://asset.lemansplatform.com/media/edge/C/7/A/C7A1D12E-62D1-4595-A5E7-AA8EADE82BF5.png
"0101-5895",HELMET VAR CONSTRUCT XS,1586,370,ICON,https://asset.lemansplatform.com/media/edge/5/4/9/5492484C-3E31-422F-AA23-F3E671DF3BCE.png
"0101-5896",HELMET VAR CONSTRUCT SM,1586,370,ICON,https://asset.lemansplatform.com/media/edge/5/4/9/5492484C-3E31-422F-AA23-F3E671DF3BCE.png
"0101-5897",HELMET VAR CONSTRUCT MD,1586,370,ICON,https://asset.lemansplatform.com/media/edge/5/4/9/5492484C-3E31-422F-AA23-F3E671DF3BCE.png
"0101-5898",HELMET VAR CONSTRUCT LG,1586,370,ICON,https://asset.lemansplatform.com/media/edge/5/4/9/5492484C-3E31-422F-AA23-F3E671DF3BCE.png
"0101-5899",HELMET VAR CONSTRUCT XL,1586,370,ICON,https://asset.lemansplatform.com/media/edge/5/4/9/5492484C-3E31-422F-AA23-F3E671DF3BCE.png
"0101-5900",HELMET VAR CONSTRUCT 2X,1586,370,ICON,https://asset.lemansplatform.com/media/edge/5/4/9/5492484C-3E31-422F-AA23-F3E671DF3BCE.png
"0101-5901",HELMET VAR CONSTRUCT 3X,1586,370,ICON,https://asset.lemansplatform.com/media/edge/5/4/9/5492484C-3E31-422F-AA23-F3E671DF3BCE.png
"0101-5921",HELMET AIRMADA BLK XXS,1521,180,ICON,https://asset.lemansplatform.com/media/edge/C/0/D/C0D82244-2FBC-4C80-9FD1-717715FD9B90.png
"0101-5922",HELMET AIRMADA BLK XS,1521,180,ICON,https://asset.lemansplatform.com/media/edge/C/0/D/C0D82244-2FBC-4C80-9FD1-717715FD9B90.png
"0101-5923",HELMET AIRMADA BLK S,1521,180,ICON,https://asset.lemansplatform.com/media/edge/C/0/D/C0D82244-2FBC-4C80-9FD1-717715FD9B90.png
"0101-5924",HELMET AIRMADA BLK M,1521,180,ICON,https://asset.lemansplatform.com/media/edge/C/0/D/C0D82244-2FBC-4C80-9FD1-717715FD9B90.png
"0101-5925",HELMET AIRMADA BLK L,1521,180,ICON,https://asset.lemansplatform.com/media/edge/C/0/D/C0D82244-2FBC-4C80-9FD1-717715FD9B90.png
"0101-5926",HELMET AIRMADA BLK XL,1521,180,ICON,https://asset.lemansplatform.com/media/edge/C/0/D/C0D82244-2FBC-4C80-9FD1-717715FD9B90.png
"0101-5927",HELMET AIRMADA BLK 2X,1521,180,ICON,https://asset.lemansplatform.com/media/edge/C/0/D/C0D82244-2FBC-4C80-9FD1-717715FD9B90.png
"0101-5928",HELMET AIRMADA BLK 3X,1521,180,ICON,https://asset.lemansplatform.com/media/edge/C/0/D/C0D82244-2FBC-4C80-9FD1-717715FD9B90.png
"0101-5936",HELMET AIRMADA MED XXS,1521,180,ICON,https://asset.lemansplatform.com/media/edge/E/9/4/E9435043-6F43-4324-B38E-428DCC565468.png
"0101-5937",HELMET AIRMADA MED XS,1521,180,ICON,https://asset.lemansplatform.com/media/edge/E/9/4/E9435043-6F43-4324-B38E-428DCC565468.png
"0101-5938",HELMET AIRMADA MED S,1521,180,ICON,https://asset.lemansplatform.com/media/edge/E/9/4/E9435043-6F43-4324-B38E-428DCC565468.png
"0101-5939",HELMET AIRMADA MED M,1521,180,ICON,https://asset.lemansplatform.com/media/edge/E/9/4/E9435043-6F43-4324-B38E-428DCC565468.png
"0101-5940",HELMET AIRMADA MED L,1521,180,ICON,https://asset.lemansplatform.com/media/edge/E/9/4/E9435043-6F43-4324-B38E-428DCC565468.png
"0101-5941",HELMET AIRMADA MED XL,1521,180,ICON,https://asset.lemansplatform.com/media/edge/E/9/4/E9435043-6F43-4324-B38E-428DCC565468.png
"0101-5942",HELMET AIRMADA MED 2X,1521,180,ICON,https://asset.lemansplatform.com/media/edge/E/9/4/E9435043-6F43-4324-B38E-428DCC565468.png
"0101-5943",HELMET AIRMADA MED 3X,1521,180,ICON,https://asset.lemansplatform.com/media/edge/E/9/4/E9435043-6F43-4324-B38E-428DCC565468.png
"0101-5952",HELMET AIRMADA WHT XS,1521,180,ICON,https://asset.lemansplatform.com/media/edge/7/A/E/7AEA4BEA-CCC0-4F33-8D8A-4748139D1372.png
"0101-5953",HELMET AIRMADA WHT S,1521,180,ICON,https://asset.lemansplatform.com/media/edge/7/A/E/7AEA4BEA-CCC0-4F33-8D8A-4748139D1372.png
"0101-5954",HELMET AIRMADA WHT M,1521,180,ICON,https://asset.lemansplatform.com/media/edge/7/A/E/7AEA4BEA-CCC0-4F33-8D8A-4748139D1372.png
"0101-5955",HELMET AIRMADA WHT L,1521,180,ICON,https://asset.lemansplatform.com/media/edge/7/A/E/7AEA4BEA-CCC0-4F33-8D8A-4748139D1372.png
"0101-5956",HELMET AIRMADA WHT XL,1521,180,ICON,https://asset.lemansplatform.com/media/edge/7/A/E/7AEA4BEA-CCC0-4F33-8D8A-4748139D1372.png
"0101-5957",HELMET AIRMADA WHT 2X,1521,180,ICON,https://asset.lemansplatform.com/media/edge/7/A/E/7AEA4BEA-CCC0-4F33-8D8A-4748139D1372.png
"0101-5958",HELMET AIRMADA WHT 3X,1521,180,ICON,https://asset.lemansplatform.com/media/edge/7/A/E/7AEA4BEA-CCC0-4F33-8D8A-4748139D1372.png
"0101-5959",HELMET AIRMADA RUB XXS,1521,190,ICON,https://asset.lemansplatform.com/media/edge/C/A/2/CA2EFA8C-DCB9-48EB-8F7C-55E54E014186.png
"0101-5960",HELMET AIRMADA RUB XS,1521,190,ICON,https://asset.lemansplatform.com/media/edge/C/A/2/CA2EFA8C-DCB9-48EB-8F7C-55E54E014186.png
"0101-5961",HELMET AIRMADA RUB S,1521,190,ICON,https://asset.lemansplatform.com/media/edge/C/A/2/CA2EFA8C-DCB9-48EB-8F7C-55E54E014186.png
"0101-5962",HELMET AIRMADA RUB M,1521,190,ICON,https://asset.lemansplatform.com/media/edge/C/A/2/CA2EFA8C-DCB9-48EB-8F7C-55E54E014186.png
"0101-5963",HELMET AIRMADA RUB L,1521,190,ICON,https://asset.lemansplatform.com/media/edge/C/A/2/CA2EFA8C-DCB9-48EB-8F7C-55E54E014186.png
"0101-5964",HELMET AIRMADA RUB XL,1521,190,ICON,https://asset.lemansplatform.com/media/edge/C/A/2/CA2EFA8C-DCB9-48EB-8F7C-55E54E014186.png
"0101-5965",HELMET AIRMADA RUB 2X,1521,190,ICON,https://asset.lemansplatform.com/media/edge/C/A/2/CA2EFA8C-DCB9-48EB-8F7C-55E54E014186.png
"0101-5966",HELMET AIRMADA RUB 3X,1521,190,ICON,https://asset.lemansplatform.com/media/edge/C/A/2/CA2EFA8C-DCB9-48EB-8F7C-55E54E014186.png
"0101-6494",HELMET BTLSCAR CHAR XS,1584,400,ICON,https://asset.lemansplatform.com/media/edge/F/4/A/F4AC2B15-20EC-4904-ABAE-05947EAEF8AA.png
"0101-6495",HELMET BTLSCAR CHAR SM,1584,400,ICON,https://asset.lemansplatform.com/media/edge/F/4/A/F4AC2B15-20EC-4904-ABAE-05947EAEF8AA.png
"0101-6496",HELMET BTLSCAR CHAR MD,1584,400,ICON,https://asset.lemansplatform.com/media/edge/F/4/A/F4AC2B15-20EC-4904-ABAE-05947EAEF8AA.png
"0101-6497",HELMET BTLSCAR CHAR LG,1584,400,ICON,https://asset.lemansplatform.com/media/edge/F/4/A/F4AC2B15-20EC-4904-ABAE-05947EAEF8AA.png
"0101-6498",HELMET BTLSCAR CHAR XL,1584,400,ICON,https://asset.lemansplatform.com/media/edge/F/4/A/F4AC2B15-20EC-4904-ABAE-05947EAEF8AA.png
"0101-6499",HELMET BTLSCAR CHAR 2X,1584,400,ICON,https://asset.lemansplatform.com/media/edge/F/4/A/F4AC2B15-20EC-4904-ABAE-05947EAEF8AA.png
"0101-6500",HELMET BTLSCAR CHAR 3X,1584,400,ICON,https://asset.lemansplatform.com/media/edge/F/4/A/F4AC2B15-20EC-4904-ABAE-05947EAEF8AA.png
"0101-6642",HELMET ALLIANCE DARK XS,24975,170,ICON,https://asset.lemansplatform.com/media/edge/0/0/9/009F0A37-E847-4778-A09F-6488FD8F963D.png
"0101-6642",HELMET ALLIANCE DARK XS,1545,170,ICON,https://asset.lemansplatform.com/media/edge/0/0/9/009F0A37-E847-4778-A09F-6488FD8F963D.png
"0101-6643",HELMET ALLIANCE DARK SM,24975,170,ICON,https://asset.lemansplatform.com/media/edge/0/0/9/009F0A37-E847-4778-A09F-6488FD8F963D.png
"0101-6643",HELMET ALLIANCE DARK SM,1545,170,ICON,https://asset.lemansplatform.com/media/edge/0/0/9/009F0A37-E847-4778-A09F-6488FD8F963D.png
"0101-6644",HELMET ALLIANCE DARK MD,24975,170,ICON,https://asset.lemansplatform.com/media/edge/0/0/9/009F0A37-E847-4778-A09F-6488FD8F963D.png
"0101-6644",HELMET ALLIANCE DARK MD,1545,170,ICON,https://asset.lemansplatform.com/media/edge/0/0/9/009F0A37-E847-4778-A09F-6488FD8F963D.png
"0101-6645",HELMET ALLIANCE DARK LG,24975,170,ICON,https://asset.lemansplatform.com/media/edge/0/0/9/009F0A37-E847-4778-A09F-6488FD8F963D.png
"0101-6645",HELMET ALLIANCE DARK LG,1545,170,ICON,https://asset.lemansplatform.com/media/edge/0/0/9/009F0A37-E847-4778-A09F-6488FD8F963D.png
"0101-6646",HELMET ALLIANCE DARK XL,24975,170,ICON,https://asset.lemansplatform.com/media/edge/0/0/9/009F0A37-E847-4778-A09F-6488FD8F963D.png
"0101-6646",HELMET ALLIANCE DARK XL,1545,170,ICON,https://asset.lemansplatform.com/media/edge/0/0/9/009F0A37-E847-4778-A09F-6488FD8F963D.png
"0101-6647",HELMET ALLIANCE DARK 2X,24975,170,ICON,https://asset.lemansplatform.com/media/edge/0/0/9/009F0A37-E847-4778-A09F-6488FD8F963D.png
"0101-6647",HELMET ALLIANCE DARK 2X,1545,170,ICON,https://asset.lemansplatform.com/media/edge/0/0/9/009F0A37-E847-4778-A09F-6488FD8F963D.png
"0101-6648",HELMET ALLIANCE DARK 3X,24975,170,ICON,https://asset.lemansplatform.com/media/edge/0/0/9/009F0A37-E847-4778-A09F-6488FD8F963D.png
"0101-6648",HELMET ALLIANCE DARK 3X,1545,170,ICON,https://asset.lemansplatform.com/media/edge/0/0/9/009F0A37-E847-4778-A09F-6488FD8F963D.png
"0101-6798",HELMET K3 CHICKEN XS,1708,229.95,AGV,https://asset.lemansplatform.com/media/edge/3/1/1/311A4F5C-1274-48F8-9CFF-948AC0F4998A.png
"0101-6799",HELMET K3 CHICKEN SM,1708,229.95,AGV,https://asset.lemansplatform.com/media/edge/3/1/1/311A4F5C-1274-48F8-9CFF-948AC0F4998A.png
"0101-6800",HELMET K3 CHICKEN MD,1708,229.95,AGV,https://asset.lemansplatform.com/media/edge/3/1/1/311A4F5C-1274-48F8-9CFF-948AC0F4998A.png
"0101-6801",HELMET K3 CHICKEN LG,1708,229.95,AGV,https://asset.lemansplatform.com/media/edge/3/1/1/311A4F5C-1274-48F8-9CFF-948AC0F4998A.png
"0101-6802",HELMET K3 CHICKEN XL,1708,229.95,AGV,https://asset.lemansplatform.com/media/edge/3/1/1/311A4F5C-1274-48F8-9CFF-948AC0F4998A.png
"0101-6922",HELMET FX90 FUCHSIA XS,1417,89.95,AFX,https://asset.lemansplatform.com/media/edge/B/4/4/B4405FF5-AFE4-4F0A-81AF-847B83B4E2E6.png
"0101-6923",HELMET FX90 FUCHSIA SM,1417,89.95,AFX,https://asset.lemansplatform.com/media/edge/B/4/4/B4405FF5-AFE4-4F0A-81AF-847B83B4E2E6.png
"0101-6924",HELMET FX90 FUCHSIA MD,1417,89.95,AFX,https://asset.lemansplatform.com/media/edge/B/4/4/B4405FF5-AFE4-4F0A-81AF-847B83B4E2E6.png
"0101-6925",HELMET FX90 FUCHSIA LG,1417,89.95,AFX,https://asset.lemansplatform.com/media/edge/B/4/4/B4405FF5-AFE4-4F0A-81AF-847B83B4E2E6.png
"0101-6926",HELMET FX90 FUCHSIA XL,1417,89.95,AFX,https://asset.lemansplatform.com/media/edge/B/4/4/B4405FF5-AFE4-4F0A-81AF-847B83B4E2E6.png
"0101-6927",HELMET FX90 FROST GRAY XS,1417,89.95,AFX,https://asset.lemansplatform.com/media/edge/4/2/3/42340E8F-B0A7-46C5-A812-AAB20E53FDAC.png
"0101-6928",HELMET FX90 FROST GRAY SM,1417,89.95,AFX,https://asset.lemansplatform.com/media/edge/4/2/3/42340E8F-B0A7-46C5-A812-AAB20E53FDAC.png
"0101-6929",HELMET FX90 FROST GRAY MD,1417,89.95,AFX,https://asset.lemansplatform.com/media/edge/4/2/3/42340E8F-B0A7-46C5-A812-AAB20E53FDAC.png
"0101-6930",HELMET FX90 FROST GRAY LG,1417,89.95,AFX,https://asset.lemansplatform.com/media/edge/4/2/3/42340E8F-B0A7-46C5-A812-AAB20E53FDAC.png
"0101-6931",HELMET FX90 FROST GRAY XL,1417,89.95,AFX,https://asset.lemansplatform.com/media/edge/4/2/3/42340E8F-B0A7-46C5-A812-AAB20E53FDAC.png
"0101-6932",HELMET FX90 FROST GRAY 2X,1417,89.95,AFX,https://asset.lemansplatform.com/media/edge/4/2/3/42340E8F-B0A7-46C5-A812-AAB20E53FDAC.png
"0101-7186",HELMET GRINGO FL BLK XS,1773,159.95,BILTWELL,https://asset.lemansplatform.com/media/edge/5/1/4/5142F6A2-6B2B-482C-BB1C-427E956C1B83.png
"0101-7187",HELMET GRINGO FL BLK SM,1773,159.95,BILTWELL,https://asset.lemansplatform.com/media/edge/5/1/4/5142F6A2-6B2B-482C-BB1C-427E956C1B83.png
"0101-7188",HELMET GRINGO FL BLK MD,1773,159.95,BILTWELL,https://asset.lemansplatform.com/media/edge/5/1/4/5142F6A2-6B2B-482C-BB1C-427E956C1B83.png
"0101-7189",HELMET GRINGO FL BLK LG,1773,159.95,BILTWELL,https://asset.lemansplatform.com/media/edge/5/1/4/5142F6A2-6B2B-482C-BB1C-427E956C1B83.png
"0101-7190",HELMET GRINGO FL BLK XL,1773,159.95,BILTWELL,https://asset.lemansplatform.com/media/edge/5/1/4/5142F6A2-6B2B-482C-BB1C-427E956C1B83.png
"0101-7191",HELMET GRINGO FL BLK XXL,1773,159.95,BILTWELL,https://asset.lemansplatform.com/media/edge/5/1/4/5142F6A2-6B2B-482C-BB1C-427E956C1B83.png
"0101-7192",HELMET GRINGO FL TITNM XS,1773,159.95,BILTWELL,https://asset.lemansplatform.com/media/edge/9/D/A/9DAAA3C1-8267-4532-92B9-E84F1CF392E2.png
"0101-7193",HELMET GRINGO FL TITNM SM,1773,159.95,BILTWELL,https://asset.lemansplatform.com/media/edge/9/D/A/9DAAA3C1-8267-4532-92B9-E84F1CF392E2.png
"0101-7194",HELMET GRINGO FL TITNM MD,1773,159.95,BILTWELL,https://asset.lemansplatform.com/media/edge/9/D/A/9DAAA3C1-8267-4532-92B9-E84F1CF392E2.png
"0101-7195",HELMET GRINGO FL TITNM LG,1773,159.95,BILTWELL,https://asset.lemansplatform.com/media/edge/9/D/A/9DAAA3C1-8267-4532-92B9-E84F1CF392E2.png
"0101-7196",HELMET GRINGO FL TITNM XL,1773,159.95,BILTWELL,https://asset.lemansplatform.com/media/edge/9/D/A/9DAAA3C1-8267-4532-92B9-E84F1CF392E2.png
"0101-7197",HELMET GRINGO FL TITNMXXL,1773,159.95,BILTWELL,https://asset.lemansplatform.com/media/edge/9/D/A/9DAAA3C1-8267-4532-92B9-E84F1CF392E2.png
"0101-7198",HELMET GRINGO GLOSS BK XS,1773,159.95,BILTWELL,https://asset.lemansplatform.com/media/edge/4/6/1/461696E8-24C3-49CF-84C2-3A26F8B1954D.png
"0101-7199",HELMET GRINGO GLOSS BK SM,1773,159.95,BILTWELL,https://asset.lemansplatform.com/media/edge/4/6/1/461696E8-24C3-49CF-84C2-3A26F8B1954D.png
"0101-7200",HELMET GRINGO GLOSS BK MD,1773,159.95,BILTWELL,https://asset.lemansplatform.com/media/edge/4/6/1/461696E8-24C3-49CF-84C2-3A26F8B1954D.png
"0101-7201",HELMET GRINGO GLOSS BK LG,1773,159.95,BILTWELL,https://asset.lemansplatform.com/media/edge/4/6/1/461696E8-24C3-49CF-84C2-3A26F8B1954D.png
"0101-7202",HELMET GRINGO GLOSS BK XL,1773,159.95,BILTWELL,https://asset.lemansplatform.com/media/edge/4/6/1/461696E8-24C3-49CF-84C2-3A26F8B1954D.png
"0101-7203",HELMET GRINGO GLOSS BKXXL,1773,159.95,BILTWELL,https://asset.lemansplatform.com/media/edge/4/6/1/461696E8-24C3-49CF-84C2-3A26F8B1954D.png
"0101-7204",HELMET GRINGO HAZ ORG XS,1773,159.95,BILTWELL,https://asset.lemansplatform.com/media/edge/0/D/E/0DE13E2C-3597-475D-9A57-0AA9DB79A731.png
"0101-7205",HELMET GRINGO HAZ ORG SM,1773,159.95,BILTWELL,https://asset.lemansplatform.com/media/edge/0/D/E/0DE13E2C-3597-475D-9A57-0AA9DB79A731.png
"0101-7206",HELMET GRINGO HAZ ORG MD,1773,159.95,BILTWELL,https://asset.lemansplatform.com/media/edge/0/D/E/0DE13E2C-3597-475D-9A57-0AA9DB79A731.png
"0101-7207",HELMET GRINGO HAZ ORG LG,1773,159.95,BILTWELL,https://asset.lemansplatform.com/media/edge/0/D/E/0DE13E2C-3597-475D-9A57-0AA9DB79A731.png
"0101-7210",HELMET GRINGO GLOSS WT XS,1773,159.95,BILTWELL,https://asset.lemansplatform.com/media/edge/D/3/C/D3CC7AF4-0B58-442B-95DE-9FFE7D6EEB39.png
"0101-7211",HELMET GRINGO GLOSS WT SM,1773,159.95,BILTWELL,https://asset.lemansplatform.com/media/edge/D/3/C/D3CC7AF4-0B58-442B-95DE-9FFE7D6EEB39.png
"0101-7212",HELMET GRINGO GLOSS WT MD,1773,159.95,BILTWELL,https://asset.lemansplatform.com/media/edge/D/3/C/D3CC7AF4-0B58-442B-95DE-9FFE7D6EEB39.png
"0101-7213",HELMET GRINGO GLOSS WT LG,1773,159.95,BILTWELL,https://asset.lemansplatform.com/media/edge/D/3/C/D3CC7AF4-0B58-442B-95DE-9FFE7D6EEB39.png
"0101-7214",HELMET GRINGO GLOSS WT XL,1773,159.95,BILTWELL,https://asset.lemansplatform.com/media/edge/D/3/C/D3CC7AF4-0B58-442B-95DE-9FFE7D6EEB39.png
"0101-7215",HELMET GRINGO GLOSS WTXXL,1773,159.95,BILTWELL,https://asset.lemansplatform.com/media/edge/D/3/C/D3CC7AF4-0B58-442B-95DE-9FFE7D6EEB39.png
"0101-7432",HELMET CORSA RACETRACK LG,1656,849.95,AGV,https://asset.lemansplatform.com/media/edge/F/9/0/F905B2A6-FC69-497A-86F8-B977D8367621.png
"0101-7433",HELMET CORSA RACETRACK XL,1656,849.95,AGV,https://asset.lemansplatform.com/media/edge/F/9/0/F905B2A6-FC69-497A-86F8-B977D8367621.png
"0101-7434",HELMET CORSA RACETRACK 2X,1656,849.95,AGV,https://asset.lemansplatform.com/media/edge/F/9/0/F905B2A6-FC69-497A-86F8-B977D8367621.png
"0101-7453",HELMET VELOCE MATT BLK SM,1751,559.95,AGV,https://asset.lemansplatform.com/media/edge/E/C/8/EC81CC32-D3CE-4E70-9C07-2B2D05F90BF3.png
"0101-7454",HELMET VELOCE MATT BLK MS,1751,559.95,AGV,https://asset.lemansplatform.com/media/edge/E/C/8/EC81CC32-D3CE-4E70-9C07-2B2D05F90BF3.png
"0101-7455",HELMET VELOCE MATT BLK ML,1751,559.95,AGV,https://asset.lemansplatform.com/media/edge/E/C/8/EC81CC32-D3CE-4E70-9C07-2B2D05F90BF3.png
"0101-7456",HELMET VELOCE MATT BLK LG,1751,559.95,AGV,https://asset.lemansplatform.com/media/edge/E/C/8/EC81CC32-D3CE-4E70-9C07-2B2D05F90BF3.png
"0101-7457",HELMET VELOCE MATT BLK XL,1751,559.95,AGV,https://asset.lemansplatform.com/media/edge/E/C/8/EC81CC32-D3CE-4E70-9C07-2B2D05F90BF3.png
"0101-7459",HELMET VELOCE WHITE SM,1751,559.95,AGV,https://asset.lemansplatform.com/media/edge/2/2/9/2291C7E5-CA87-4BC9-852F-CA63161FD4B9.png
"0101-7460",HELMET VELOCE WHITE MS,1751,559.95,AGV,https://asset.lemansplatform.com/media/edge/2/2/9/2291C7E5-CA87-4BC9-852F-CA63161FD4B9.png
"0101-7461",HELMET VELOCE WHITE ML,1751,559.95,AGV,https://asset.lemansplatform.com/media/edge/2/2/9/2291C7E5-CA87-4BC9-852F-CA63161FD4B9.png
"0101-7462",HELMET VELOCE WHITE LG,1751,559.95,AGV,https://asset.lemansplatform.com/media/edge/2/2/9/2291C7E5-CA87-4BC9-852F-CA63161FD4B9.png
"0101-7463",HELMET VELOCE WHITE XL,1751,559.95,AGV,https://asset.lemansplatform.com/media/edge/2/2/9/2291C7E5-CA87-4BC9-852F-CA63161FD4B9.png
"0101-7464",HELMET VELOCE WHITE 2XL,1751,559.95,AGV,https://asset.lemansplatform.com/media/edge/2/2/9/2291C7E5-CA87-4BC9-852F-CA63161FD4B9.png
"0101-7465",HELMET VELOCE GTX SM,1752,599.95,AGV,https://asset.lemansplatform.com/media/edge/E/6/1/E616A454-E42F-4B13-8810-F50A8B5F421A.png
"0101-7466",HELMET VELOCE GTX MS,1752,599.95,AGV,https://asset.lemansplatform.com/media/edge/E/6/1/E616A454-E42F-4B13-8810-F50A8B5F421A.png
"0101-7467",HELMET VELOCE GTX ML,1752,599.95,AGV,https://asset.lemansplatform.com/media/edge/E/6/1/E616A454-E42F-4B13-8810-F50A8B5F421A.png
"0101-7468",HELMET VELOCE GTX LG,1752,599.95,AGV,https://asset.lemansplatform.com/media/edge/E/6/1/E616A454-E42F-4B13-8810-F50A8B5F421A.png
"0101-7470",HELMET VELOCE GTX 2XL,1752,599.95,AGV,https://asset.lemansplatform.com/media/edge/E/6/1/E616A454-E42F-4B13-8810-F50A8B5F421A.png
"0101-7477",HELMET VELOCE GRAVITY SM,1750,599.95,AGV,https://asset.lemansplatform.com/media/edge/7/A/6/7A608413-8297-45E3-91AC-DBFD817C0E4C.png
"0101-7478",HELMET VELOCE GRAVITY MS,1750,599.95,AGV,https://asset.lemansplatform.com/media/edge/7/A/6/7A608413-8297-45E3-91AC-DBFD817C0E4C.png
"0101-7479",HELMET VELOCE GRAVITY ML,1750,599.95,AGV,https://asset.lemansplatform.com/media/edge/7/A/6/7A608413-8297-45E3-91AC-DBFD817C0E4C.png
"0101-7480",HELMET VELOCE GRAVITY LG,1750,599.95,AGV,https://asset.lemansplatform.com/media/edge/7/A/6/7A608413-8297-45E3-91AC-DBFD817C0E4C.png
"0101-7481",HELMET VELOCE GRAVITY XL,1750,599.95,AGV,https://asset.lemansplatform.com/media/edge/7/A/6/7A608413-8297-45E3-91AC-DBFD817C0E4C.png
"0101-7482",HELMET VELOCE GRAVITY 2XL,1750,599.95,AGV,https://asset.lemansplatform.com/media/edge/7/A/6/7A608413-8297-45E3-91AC-DBFD817C0E4C.png
"0101-7516",HELMET K3SV SIMONCELLI SM,1690,269.95,AGV,https://asset.lemansplatform.com/media/edge/C/4/4/C4427B76-0AB9-4B92-AC23-624AA8433953.png
"0101-7517",HELMET K3SV SIMONCELLI ML,1690,269.95,AGV,https://asset.lemansplatform.com/media/edge/C/4/4/C4427B76-0AB9-4B92-AC23-624AA8433953.png
"0101-7518",HELMET K3SV SIMONCELLI LG,1690,269.95,AGV,https://asset.lemansplatform.com/media/edge/C/4/4/C4427B76-0AB9-4B92-AC23-624AA8433953.png
"0101-7519",HELMET K3SV SIMONCELLI XL,1690,269.95,AGV,https://asset.lemansplatform.com/media/edge/C/4/4/C4427B76-0AB9-4B92-AC23-624AA8433953.png
"0101-7520",HELMET K3SV SIMONCELLI 2X,1690,269.95,AGV,https://asset.lemansplatform.com/media/edge/C/4/4/C4427B76-0AB9-4B92-AC23-624AA8433953.png
"0101-7601",HELMET GRINGO SILVER XS,1773,189.95,BILTWELL,https://asset.lemansplatform.com/media/edge/C/5/0/C50AE703-67F3-436F-8214-39913D5A8CD5.png
"0101-7602",HELMET GRINGO SILVER SM,1773,189.95,BILTWELL,https://asset.lemansplatform.com/media/edge/C/5/0/C50AE703-67F3-436F-8214-39913D5A8CD5.png
"0101-7603",HELMET GRINGO SILVER MD,1773,189.95,BILTWELL,https://asset.lemansplatform.com/media/edge/C/5/0/C50AE703-67F3-436F-8214-39913D5A8CD5.png
"0101-7604",HELMET GRINGO SILVER LG,1773,189.95,BILTWELL,https://asset.lemansplatform.com/media/edge/C/5/0/C50AE703-67F3-436F-8214-39913D5A8CD5.png
"0101-7605",HELMET GRINGO SILVER XL,1773,189.95,BILTWELL,https://asset.lemansplatform.com/media/edge/C/5/0/C50AE703-67F3-436F-8214-39913D5A8CD5.png
"0101-7606",HELMET GRINGO SILVER 2X,1773,189.95,BILTWELL,https://asset.lemansplatform.com/media/edge/C/5/0/C50AE703-67F3-436F-8214-39913D5A8CD5.png
"0101-7673",HELMET K3SV SIMONCELLI MS,1690,269.95,AGV,https://asset.lemansplatform.com/media/edge/C/4/4/C4427B76-0AB9-4B92-AC23-624AA8433953.png
"0101-7909",HELMET STRIKE OPS BLK XS,1448,99.95,Z1R,https://asset.lemansplatform.com/media/edge/0/2/A/02A35759-B8E9-4CB8-AA1D-C5751346E517.png
"0101-7910",HELMET STRIKE OPS BLK SM,1448,99.95,Z1R,https://asset.lemansplatform.com/media/edge/0/2/A/02A35759-B8E9-4CB8-AA1D-C5751346E517.png
"0101-7911",HELMET STRIKE OPS BLK MD,1448,99.95,Z1R,https://asset.lemansplatform.com/media/edge/0/2/A/02A35759-B8E9-4CB8-AA1D-C5751346E517.png
"0101-7912",HELMET STRIKE OPS BLK LG,1448,99.95,Z1R,https://asset.lemansplatform.com/media/edge/0/2/A/02A35759-B8E9-4CB8-AA1D-C5751346E517.png
"0101-7913",HELMET STRIKE OPS BLK XL,1448,99.95,Z1R,https://asset.lemansplatform.com/media/edge/0/2/A/02A35759-B8E9-4CB8-AA1D-C5751346E517.png
"0101-7914",HELMET STRIKE OPS BLK 2X,1448,99.95,Z1R,https://asset.lemansplatform.com/media/edge/0/2/A/02A35759-B8E9-4CB8-AA1D-C5751346E517.png
"0101-7916",HELMET STRKEOPS FLTBLK XS,1448,99.95,Z1R,https://asset.lemansplatform.com/media/edge/7/0/8/7086889A-C0EA-4510-93F9-271FE1AE5E92.png
"0101-7917",HELMET STRKEOPS FLTBLK SM,1448,99.95,Z1R,https://asset.lemansplatform.com/media/edge/7/0/8/7086889A-C0EA-4510-93F9-271FE1AE5E92.png
"0101-7918",HELMET STRKEOPS FLTBLK MD,1448,99.95,Z1R,https://asset.lemansplatform.com/media/edge/7/0/8/7086889A-C0EA-4510-93F9-271FE1AE5E92.png
"0101-7919",HELMET STRKEOPS FLTBLK LG,1448,99.95,Z1R,https://asset.lemansplatform.com/media/edge/7/0/8/7086889A-C0EA-4510-93F9-271FE1AE5E92.png
"0101-7920",HELMET STRKEOPS FLTBLK XL,1448,99.95,Z1R,https://asset.lemansplatform.com/media/edge/7/0/8/7086889A-C0EA-4510-93F9-271FE1AE5E92.png
"0101-7921",HELMET STRKEOPS FLTBLK 2X,1448,99.95,Z1R,https://asset.lemansplatform.com/media/edge/7/0/8/7086889A-C0EA-4510-93F9-271FE1AE5E92.png
"0101-8176",HELMET CORSA 5HUNDRED XL,1652,849.95,AGV,https://asset.lemansplatform.com/media/edge/1/D/D/1DD0893F-9255-4549-B7AF-0E6660EBECD7.png
"0101-8177",HELMET CORSA 5HUNDRED 2XL,1652,849.95,AGV,https://asset.lemansplatform.com/media/edge/1/D/D/1DD0893F-9255-4549-B7AF-0E6660EBECD7.png
"0101-8178",HELMET VELOCE MATT GY SM,1751,559.95,AGV,https://asset.lemansplatform.com/media/edge/8/1/F/81F55724-7082-402F-B77B-062FDDD328D1.png
"0101-8179",HELMET VELOCE MATT GY MS,1751,559.95,AGV,https://asset.lemansplatform.com/media/edge/8/1/F/81F55724-7082-402F-B77B-062FDDD328D1.png
"0101-8180",HELMET VELOCE MATT GY ML,1751,559.95,AGV,https://asset.lemansplatform.com/media/edge/8/1/F/81F55724-7082-402F-B77B-062FDDD328D1.png
"0101-8181",HELMET VELOCE MATT GY LG,1751,559.95,AGV,https://asset.lemansplatform.com/media/edge/8/1/F/81F55724-7082-402F-B77B-062FDDD328D1.png
"0101-8182",HELMET VELOCE MATT GY XL,1751,559.95,AGV,https://asset.lemansplatform.com/media/edge/8/1/F/81F55724-7082-402F-B77B-062FDDD328D1.png
"0101-8183",HELMET VELOCE MATT GY 2XL,1751,559.95,AGV,https://asset.lemansplatform.com/media/edge/8/1/F/81F55724-7082-402F-B77B-062FDDD328D1.png
"0101-8503",HELMET FX95 FLAT BLK XS,1431,94.95,AFX,https://asset.lemansplatform.com/media/edge/8/2/3/823C7E5C-9B44-4F59-9105-A50C34F7AC21.png
"0101-8504",HELMET FX95 FLAT BLK SM,1431,94.95,AFX,https://asset.lemansplatform.com/media/edge/8/2/3/823C7E5C-9B44-4F59-9105-A50C34F7AC21.png
"0101-8505",HELMET FX95 FLAT BLK MD,1431,94.95,AFX,https://asset.lemansplatform.com/media/edge/8/2/3/823C7E5C-9B44-4F59-9105-A50C34F7AC21.png
"0101-8506",HELMET FX95 FLAT BLK LG,1431,94.95,AFX,https://asset.lemansplatform.com/media/edge/8/2/3/823C7E5C-9B44-4F59-9105-A50C34F7AC21.png
"0101-8507",HELMET FX95 FLAT BLK XL,1431,94.95,AFX,https://asset.lemansplatform.com/media/edge/8/2/3/823C7E5C-9B44-4F59-9105-A50C34F7AC21.png
"0101-8509",HELMET FX95 BLACK XS,1431,94.95,AFX,https://asset.lemansplatform.com/media/edge/5/1/7/51747978-1DFB-4D1B-97C5-816EE095891A.png
"0101-8510",HELMET FX95 BLACK SM,1431,94.95,AFX,https://asset.lemansplatform.com/media/edge/5/1/7/51747978-1DFB-4D1B-97C5-816EE095891A.png
"0101-8511",HELMET FX95 BLACK MD,1431,94.95,AFX,https://asset.lemansplatform.com/media/edge/5/1/7/51747978-1DFB-4D1B-97C5-816EE095891A.png
"0101-8512",HELMET FX95 BLACK LG,1431,94.95,AFX,https://asset.lemansplatform.com/media/edge/5/1/7/51747978-1DFB-4D1B-97C5-816EE095891A.png
"0101-8513",HELMET FX95 BLACK XL,1431,94.95,AFX,https://asset.lemansplatform.com/media/edge/5/1/7/51747978-1DFB-4D1B-97C5-816EE095891A.png
"0101-8514",HELMET FX95 BLACK 2XL,1431,94.95,AFX,https://asset.lemansplatform.com/media/edge/5/1/7/51747978-1DFB-4D1B-97C5-816EE095891A.png
"0101-8516",HELMET FX95 P-WHITE SM,1431,94.95,AFX,https://asset.lemansplatform.com/media/edge/3/B/7/3B7086C9-7AA1-45EE-98B7-99B85958A71E.png
"0101-8517",HELMET FX95 P-WHITE MD,1431,94.95,AFX,https://asset.lemansplatform.com/media/edge/3/B/7/3B7086C9-7AA1-45EE-98B7-99B85958A71E.png
"0101-8518",HELMET FX95 P-WHITE LG,1431,94.95,AFX,https://asset.lemansplatform.com/media/edge/3/B/7/3B7086C9-7AA1-45EE-98B7-99B85958A71E.png
"0101-8519",HELMET FX95 P-WHITE XL,1431,94.95,AFX,https://asset.lemansplatform.com/media/edge/3/B/7/3B7086C9-7AA1-45EE-98B7-99B85958A71E.png
"0101-8520",HELMET FX95 P-WHITE 2XL,1431,94.95,AFX,https://asset.lemansplatform.com/media/edge/3/B/7/3B7086C9-7AA1-45EE-98B7-99B85958A71E.png
"0101-8521",HELMET FX95 FUCHSIA XS,1431,94.95,AFX,https://asset.lemansplatform.com/media/edge/1/7/0/170CB6E6-C091-4CF4-A887-4DFB0BDB83B3.png
"0101-8522",HELMET FX95 FUCHSIA SM,1431,94.95,AFX,https://asset.lemansplatform.com/media/edge/1/7/0/170CB6E6-C091-4CF4-A887-4DFB0BDB83B3.png
"0101-8523",HELMET FX95 FUCHSIA MD,1431,94.95,AFX,https://asset.lemansplatform.com/media/edge/1/7/0/170CB6E6-C091-4CF4-A887-4DFB0BDB83B3.png
"0101-8524",HELMET FX95 FUCHSIA LG,1431,94.95,AFX,https://asset.lemansplatform.com/media/edge/1/7/0/170CB6E6-C091-4CF4-A887-4DFB0BDB83B3.png
"0101-8525",HELMET FX95 FUCHSIA XL,1431,94.95,AFX,https://asset.lemansplatform.com/media/edge/1/7/0/170CB6E6-C091-4CF4-A887-4DFB0BDB83B3.png
"0101-8526",HELMET FX95 SILVER XS,1431,94.95,AFX,https://asset.lemansplatform.com/media/edge/0/A/3/0A338338-686D-43C7-8180-58AD8BEEDF5A.png
"0101-8527",HELMET FX95 SILVER SM,1431,94.95,AFX,https://asset.lemansplatform.com/media/edge/0/A/3/0A338338-686D-43C7-8180-58AD8BEEDF5A.png
"0101-8528",HELMET FX95 SILVER MD,1431,94.95,AFX,https://asset.lemansplatform.com/media/edge/0/A/3/0A338338-686D-43C7-8180-58AD8BEEDF5A.png
"0101-8531",HELMET FX95 SILVER 2XL,1431,94.95,AFX,https://asset.lemansplatform.com/media/edge/0/A/3/0A338338-686D-43C7-8180-58AD8BEEDF5A.png
"0101-8532",HELMET FX95 WINE RED XS,1431,94.95,AFX,https://asset.lemansplatform.com/media/edge/4/6/1/46111AFE-F2DD-4B60-B023-8E7A97E34BD3.png
"0101-8533",HELMET FX95 WINE RED SM,1431,94.95,AFX,https://asset.lemansplatform.com/media/edge/4/6/1/46111AFE-F2DD-4B60-B023-8E7A97E34BD3.png
"0101-8534",HELMET FX95 WINE RED MD,1431,94.95,AFX,https://asset.lemansplatform.com/media/edge/4/6/1/46111AFE-F2DD-4B60-B023-8E7A97E34BD3.png
"0101-8535",HELMET FX95 WINE RED LG,1431,94.95,AFX,https://asset.lemansplatform.com/media/edge/4/6/1/46111AFE-F2DD-4B60-B023-8E7A97E34BD3.png
"0101-8536",HELMET FX95 WINE RED XL,1431,94.95,AFX,https://asset.lemansplatform.com/media/edge/4/6/1/46111AFE-F2DD-4B60-B023-8E7A97E34BD3.png
"0101-8538",HELMET FX95 HI-VIS YEL XS,1431,94.95,AFX,https://asset.lemansplatform.com/media/edge/3/7/7/3770D8D7-4D4A-43FC-8BC2-9DEC1C2854CE.png
"0101-8539",HELMET FX95 HI-VIS YEL SM,1431,94.95,AFX,https://asset.lemansplatform.com/media/edge/3/7/7/3770D8D7-4D4A-43FC-8BC2-9DEC1C2854CE.png
"0101-8540",HELMET FX95 HI-VIS YEL MD,1431,94.95,AFX,https://asset.lemansplatform.com/media/edge/3/7/7/3770D8D7-4D4A-43FC-8BC2-9DEC1C2854CE.png
"0101-8541",HELMET FX95 HI-VIS YEL LG,1431,94.95,AFX,https://asset.lemansplatform.com/media/edge/3/7/7/3770D8D7-4D4A-43FC-8BC2-9DEC1C2854CE.png
"0101-8543",HELMET FX95 HI-VIS YEL 2X,1431,94.95,AFX,https://asset.lemansplatform.com/media/edge/3/7/7/3770D8D7-4D4A-43FC-8BC2-9DEC1C2854CE.png
"0101-8632",HELMET FX24 FLAT BLACK XS,1400,119.95,AFX,https://asset.lemansplatform.com/media/edge/F/0/D/F0DD1E87-2DF3-4EA3-8B3B-D0A9809CBC0E.png
"0101-8633",HELMET FX24 FLAT BLACK SM,1400,119.95,AFX,https://asset.lemansplatform.com/media/edge/F/0/D/F0DD1E87-2DF3-4EA3-8B3B-D0A9809CBC0E.png
"0101-8634",HELMET FX24 FLAT BLACK MD,1400,119.95,AFX,https://asset.lemansplatform.com/media/edge/F/0/D/F0DD1E87-2DF3-4EA3-8B3B-D0A9809CBC0E.png
"0101-8635",HELMET FX24 FLAT BLACK LG,1400,119.95,AFX,https://asset.lemansplatform.com/media/edge/F/0/D/F0DD1E87-2DF3-4EA3-8B3B-D0A9809CBC0E.png
"0101-8636",HELMET FX24 FLAT BLACK XL,1400,119.95,AFX,https://asset.lemansplatform.com/media/edge/F/0/D/F0DD1E87-2DF3-4EA3-8B3B-D0A9809CBC0E.png
"0101-8637",HELMET FX24 FLAT BLACK 2X,1400,119.95,AFX,https://asset.lemansplatform.com/media/edge/F/0/D/F0DD1E87-2DF3-4EA3-8B3B-D0A9809CBC0E.png
"0101-8638",HELMET FX24 BLACK XS,1400,119.95,AFX,https://asset.lemansplatform.com/media/edge/9/9/B/99BD4639-F378-45A1-A809-5D1872407E84.png
"0101-8639",HELMET FX24 BLACK SM,1400,119.95,AFX,https://asset.lemansplatform.com/media/edge/9/9/B/99BD4639-F378-45A1-A809-5D1872407E84.png
"0101-8640",HELMET FX24 BLACK MD,1400,119.95,AFX,https://asset.lemansplatform.com/media/edge/9/9/B/99BD4639-F378-45A1-A809-5D1872407E84.png
"0101-8641",HELMET FX24 BLACK LG,1400,119.95,AFX,https://asset.lemansplatform.com/media/edge/9/9/B/99BD4639-F378-45A1-A809-5D1872407E84.png
"0101-8642",HELMET FX24 BLACK XL,1400,119.95,AFX,https://asset.lemansplatform.com/media/edge/9/9/B/99BD4639-F378-45A1-A809-5D1872407E84.png
"0101-8643",HELMET FX24 BLACK 2XL,1400,119.95,AFX,https://asset.lemansplatform.com/media/edge/9/9/B/99BD4639-F378-45A1-A809-5D1872407E84.png
"0101-8644",HELMET FX24 P-WHITE XS,1400,119.95,AFX,https://asset.lemansplatform.com/media/edge/D/2/6/D26A4FC2-14E6-474A-8441-4E3475281D9D.png
"0101-8645",HELMET FX24 P-WHITE SM,1400,119.95,AFX,https://asset.lemansplatform.com/media/edge/D/2/6/D26A4FC2-14E6-474A-8441-4E3475281D9D.png
"0101-8646",HELMET FX24 P-WHITE MD,1400,119.95,AFX,https://asset.lemansplatform.com/media/edge/D/2/6/D26A4FC2-14E6-474A-8441-4E3475281D9D.png
"0101-8647",HELMET FX24 P-WHITE LG,1400,119.95,AFX,https://asset.lemansplatform.com/media/edge/D/2/6/D26A4FC2-14E6-474A-8441-4E3475281D9D.png
"0101-8648",HELMET FX24 P-WHITE XL,1400,119.95,AFX,https://asset.lemansplatform.com/media/edge/D/2/6/D26A4FC2-14E6-474A-8441-4E3475281D9D.png
"0101-8649",HELMET FX24 P-WHITE 2XL,1400,119.95,AFX,https://asset.lemansplatform.com/media/edge/D/2/6/D26A4FC2-14E6-474A-8441-4E3475281D9D.png
"0101-9547",HELMET K3SV TARTARUGA SM,1692,269.95,AGV,https://asset.lemansplatform.com/media/edge/A/6/2/A62088E0-4D8E-4560-83C8-9DDD289DF515.png
"0101-9548",HELMET K3SV TARTARUGA MS,1692,269.95,AGV,https://asset.lemansplatform.com/media/edge/A/6/2/A62088E0-4D8E-4560-83C8-9DDD289DF515.png
"0101-9549",HELMET K3SV TARTARUGA ML,1692,269.95,AGV,https://asset.lemansplatform.com/media/edge/A/6/2/A62088E0-4D8E-4560-83C8-9DDD289DF515.png
"0101-9550",HELMET K3SV TARTARUGA LG,1692,269.95,AGV,https://asset.lemansplatform.com/media/edge/A/6/2/A62088E0-4D8E-4560-83C8-9DDD289DF515.png
"0101-9551",HELMET K3SV TARTARUGA XL,1692,269.95,AGV,https://asset.lemansplatform.com/media/edge/A/6/2/A62088E0-4D8E-4560-83C8-9DDD289DF515.png
"0101-9552",HELMET K3SV TARTARUGA 2X,1692,269.95,AGV,https://asset.lemansplatform.com/media/edge/A/6/2/A62088E0-4D8E-4560-83C8-9DDD289DF515.png
"0101-9571",HELMET K3SV BULEGA SM,1675,269.95,AGV,https://asset.lemansplatform.com/media/edge/F/3/B/F3BFD5F3-8FBC-4953-B711-D45DAA6C03EB.png
"0101-9572",HELMET K3SV BULEGA MS,1675,269.95,AGV,https://asset.lemansplatform.com/media/edge/F/3/B/F3BFD5F3-8FBC-4953-B711-D45DAA6C03EB.png
"0101-9573",HELMET K3SV BULEGA ML,1675,269.95,AGV,https://asset.lemansplatform.com/media/edge/F/3/B/F3BFD5F3-8FBC-4953-B711-D45DAA6C03EB.png
"0101-9574",HELMET K3SV BULEGA LG,1675,269.95,AGV,https://asset.lemansplatform.com/media/edge/F/3/B/F3BFD5F3-8FBC-4953-B711-D45DAA6C03EB.png
"0101-9575",HELMET K3SV BULEGA XL,1675,269.95,AGV,https://asset.lemansplatform.com/media/edge/F/3/B/F3BFD5F3-8FBC-4953-B711-D45DAA6C03EB.png
"0101-9576",HELMET K3SV BULEGA 2X,1675,269.95,AGV,https://asset.lemansplatform.com/media/edge/F/3/B/F3BFD5F3-8FBC-4953-B711-D45DAA6C03EB.png
"0101-9577",HELMET K3SV MARINI SM,1684,269.95,AGV,https://asset.lemansplatform.com/media/edge/B/2/9/B291718D-72AE-4854-90EF-E35C5B3D49DA.png
"0101-9578",HELMET K3SV MARINI MS,1684,269.95,AGV,https://asset.lemansplatform.com/media/edge/B/2/9/B291718D-72AE-4854-90EF-E35C5B3D49DA.png
"0101-9579",HELMET K3SV MARINI ML,1684,269.95,AGV,https://asset.lemansplatform.com/media/edge/B/2/9/B291718D-72AE-4854-90EF-E35C5B3D49DA.png
"0101-9580",HELMET K3SV MARINI LG,1684,269.95,AGV,https://asset.lemansplatform.com/media/edge/B/2/9/B291718D-72AE-4854-90EF-E35C5B3D49DA.png
"0101-9581",HELMET K3SV MARINI XL,1684,269.95,AGV,https://asset.lemansplatform.com/media/edge/B/2/9/B291718D-72AE-4854-90EF-E35C5B3D49DA.png
"0101-9582",HELMET K3SV MARINI 2X,1684,269.95,AGV,https://asset.lemansplatform.com/media/edge/B/2/9/B291718D-72AE-4854-90EF-E35C5B3D49DA.png
"0101-9864",HELMET GRNGO FLAT CHOC XS,1773,159.95,BILTWELL,https://asset.lemansplatform.com/media/edge/2/5/B/25BA7751-BE0E-4EF3-8EF5-B2059E0F2960.png
"0101-9865",HELMET GRNGO FLAT CHOC SM,1773,159.95,BILTWELL,https://asset.lemansplatform.com/media/edge/2/5/B/25BA7751-BE0E-4EF3-8EF5-B2059E0F2960.png
"0101-9866",HELMET GRNGO FLAT CHOC MD,1773,159.95,BILTWELL,https://asset.lemansplatform.com/media/edge/2/5/B/25BA7751-BE0E-4EF3-8EF5-B2059E0F2960.png
"0101-9867",HELMET GRNGO FLAT CHOC LG,1773,159.95,BILTWELL,https://asset.lemansplatform.com/media/edge/2/5/B/25BA7751-BE0E-4EF3-8EF5-B2059E0F2960.png
"0101-9868",HELMET GRNGO FLAT CHOC XL,1773,159.95,BILTWELL,https://asset.lemansplatform.com/media/edge/2/5/B/25BA7751-BE0E-4EF3-8EF5-B2059E0F2960.png
"0101-9869",HELMET GRNGO FLATCHOC XXL,1773,159.95,BILTWELL,https://asset.lemansplatform.com/media/edge/2/5/B/25BA7751-BE0E-4EF3-8EF5-B2059E0F2960.png
"0101-9870",HELMET GRNGO BRBMET XS,1773,159.95,BILTWELL,https://asset.lemansplatform.com/media/edge/8/B/F/8BFEA2FF-477E-4465-8857-51C5B5517A09.png
"0101-9871",HELMET GRNGO BRBMET SM,1773,159.95,BILTWELL,https://asset.lemansplatform.com/media/edge/8/B/F/8BFEA2FF-477E-4465-8857-51C5B5517A09.png
"0101-9872",HELMET GRNGO BRBMET MD,1773,159.95,BILTWELL,https://asset.lemansplatform.com/media/edge/8/B/F/8BFEA2FF-477E-4465-8857-51C5B5517A09.png
"0101-9873",HELMET GRNGO BRBMET LG,1773,159.95,BILTWELL,https://asset.lemansplatform.com/media/edge/8/B/F/8BFEA2FF-477E-4465-8857-51C5B5517A09.png
"0101-9874",HELMET GRNGO BRBMET XL,1773,159.95,BILTWELL,https://asset.lemansplatform.com/media/edge/8/B/F/8BFEA2FF-477E-4465-8857-51C5B5517A09.png
"0101-9875",HELMET GRNGO BRBMET XXL,1773,159.95,BILTWELL,https://asset.lemansplatform.com/media/edge/8/B/F/8BFEA2FF-477E-4465-8857-51C5B5517A09.png
"0101-9876",HELMET GRNGO BAJA BLUE XS,1773,159.95,BILTWELL,https://asset.lemansplatform.com/media/edge/3/B/9/3B9652F4-2201-488A-9E5F-86B441BB4083.png
"0101-9877",HELMET GRNGO BAJA BLUE SM,1773,159.95,BILTWELL,https://asset.lemansplatform.com/media/edge/3/B/9/3B9652F4-2201-488A-9E5F-86B441BB4083.png
"0101-9878",HELMET GRNGO BAJA BLUE MD,1773,159.95,BILTWELL,https://asset.lemansplatform.com/media/edge/3/B/9/3B9652F4-2201-488A-9E5F-86B441BB4083.png
"0101-9879",HELMET GRNGO BAJA BLUE LG,1773,159.95,BILTWELL,https://asset.lemansplatform.com/media/edge/3/B/9/3B9652F4-2201-488A-9E5F-86B441BB4083.png
"0101-9880",HELMET GRNGO BAJA BLUE XL,1773,159.95,BILTWELL,https://asset.lemansplatform.com/media/edge/3/B/9/3B9652F4-2201-488A-9E5F-86B441BB4083.png
"0101-9881",HELMET GRNGO BAJA BLU XXL,1773,159.95,BILTWELL,https://asset.lemansplatform.com/media/edge/3/B/9/3B9652F4-2201-488A-9E5F-86B441BB4083.png
"0101-9882",HELMET GRNGO CHARMTL XS,1773,159.95,BILTWELL,https://asset.lemansplatform.com/media/edge/5/F/5/5F57936F-70F0-489C-B9D0-BB75617E12FB.png
"0101-9883",HELMET GRNGO CHARMTL SM,1773,159.95,BILTWELL,https://asset.lemansplatform.com/media/edge/5/F/5/5F57936F-70F0-489C-B9D0-BB75617E12FB.png
"0101-9884",HELMET GRNGO CHARMTL MD,1773,159.95,BILTWELL,https://asset.lemansplatform.com/media/edge/5/F/5/5F57936F-70F0-489C-B9D0-BB75617E12FB.png
"0101-9885",HELMET GRNGO CHARMTL LG,1773,159.95,BILTWELL,https://asset.lemansplatform.com/media/edge/5/F/5/5F57936F-70F0-489C-B9D0-BB75617E12FB.png
"0101-9886",HELMET GRNGO CHARMTL XL,1773,159.95,BILTWELL,https://asset.lemansplatform.com/media/edge/5/F/5/5F57936F-70F0-489C-B9D0-BB75617E12FB.png
"0101-9887",HELMET GRNGO CHARMTL XXL,1773,159.95,BILTWELL,https://asset.lemansplatform.com/media/edge/5/F/5/5F57936F-70F0-489C-B9D0-BB75617E12FB.png
"0101-9933",HELMET LANESPLTR GBLK XS,22471,249.95,BILTWELL,https://asset.lemansplatform.com/media/edge/9/5/C/95C59D7A-F5F2-4E56-B846-0545116901C9.png
"0101-9934",HELMET LANESPLTR GBLK SM,22471,249.95,BILTWELL,https://asset.lemansplatform.com/media/edge/9/5/C/95C59D7A-F5F2-4E56-B846-0545116901C9.png
"0101-9935",HELMET LANESPLTR GBLK MD,22471,249.95,BILTWELL,https://asset.lemansplatform.com/media/edge/9/5/C/95C59D7A-F5F2-4E56-B846-0545116901C9.png
"0101-9936",HELMET LANESPLTR GBLK LG,22471,249.95,BILTWELL,https://asset.lemansplatform.com/media/edge/9/5/C/95C59D7A-F5F2-4E56-B846-0545116901C9.png
"0101-9937",HELMET LANESPLTR GBLK XL,22471,249.95,BILTWELL,https://asset.lemansplatform.com/media/edge/9/5/C/95C59D7A-F5F2-4E56-B846-0545116901C9.png
"0101-9938",HELMET LANESPLTR GBLK XXL,22471,249.95,BILTWELL,https://asset.lemansplatform.com/media/edge/9/5/C/95C59D7A-F5F2-4E56-B846-0545116901C9.png
"0101-9939",HELMET LANESPLTR GWHT XS,22471,249.95,BILTWELL,https://asset.lemansplatform.com/media/edge/2/D/0/2D01D146-5DDA-4D04-88BB-D446CEA1B339.png
"0101-9940",HELMET LANESPLTR GWHT SM,22471,249.95,BILTWELL,https://asset.lemansplatform.com/media/edge/2/D/0/2D01D146-5DDA-4D04-88BB-D446CEA1B339.png
"0101-9941",HELMET LANESPLTR GWHT MD,22471,249.95,BILTWELL,https://asset.lemansplatform.com/media/edge/2/D/0/2D01D146-5DDA-4D04-88BB-D446CEA1B339.png
"0101-9942",HELMET LANESPLTR GWHT LG,22471,249.95,BILTWELL,https://asset.lemansplatform.com/media/edge/2/D/0/2D01D146-5DDA-4D04-88BB-D446CEA1B339.png
"0101-9943",HELMET LANESPLTR GWHT XL,22471,249.95,BILTWELL,https://asset.lemansplatform.com/media/edge/2/D/0/2D01D146-5DDA-4D04-88BB-D446CEA1B339.png
"0101-9944",HELMET LANESPLTR GWHT XXL,22471,249.95,BILTWELL,https://asset.lemansplatform.com/media/edge/2/D/0/2D01D146-5DDA-4D04-88BB-D446CEA1B339.png
"0101-9945",HELMET LANESPLTR FBLK XS,22471,249.95,BILTWELL,https://asset.lemansplatform.com/media/edge/0/0/D/00DCDF21-980E-4D0F-BCD1-48958EEEBEF7.png
"0101-9946",HELMET LANESPLTR FBLK SM,22471,249.95,BILTWELL,https://asset.lemansplatform.com/media/edge/0/0/D/00DCDF21-980E-4D0F-BCD1-48958EEEBEF7.png
"0101-9947",HELMET LANESPLTR FBLK MD,22471,249.95,BILTWELL,https://asset.lemansplatform.com/media/edge/0/0/D/00DCDF21-980E-4D0F-BCD1-48958EEEBEF7.png
"0101-9948",HELMET LANESPLTR FBLK LG,22471,249.95,BILTWELL,https://asset.lemansplatform.com/media/edge/0/0/D/00DCDF21-980E-4D0F-BCD1-48958EEEBEF7.png
"0101-9949",HELMET LANESPLTR FBLK XL,22471,249.95,BILTWELL,https://asset.lemansplatform.com/media/edge/0/0/D/00DCDF21-980E-4D0F-BCD1-48958EEEBEF7.png
"0101-9950",HELMET LANESPLTR FBLK XXL,22471,249.95,BILTWELL,https://asset.lemansplatform.com/media/edge/0/0/D/00DCDF21-980E-4D0F-BCD1-48958EEEBEF7.png
"0101-9951",HELMET LANESPLTR BRNZ XS,22471,249.95,BILTWELL,https://asset.lemansplatform.com/media/edge/B/4/B/B4BC58B4-150C-48F7-9687-72DE269F6802.png
"0101-9952",HELMET LANESPLTR BRNZ SM,22471,249.95,BILTWELL,https://asset.lemansplatform.com/media/edge/B/4/B/B4BC58B4-150C-48F7-9687-72DE269F6802.png
"0101-9953",HELMET LANESPLTR BRNZ MD,22471,249.95,BILTWELL,https://asset.lemansplatform.com/media/edge/B/4/B/B4BC58B4-150C-48F7-9687-72DE269F6802.png
"0101-9954",HELMET LANESPLTR BRNZ LG,22471,249.95,BILTWELL,https://asset.lemansplatform.com/media/edge/B/4/B/B4BC58B4-150C-48F7-9687-72DE269F6802.png
"0101-9955",HELMET LANESPLTR BRNZ XL,22471,249.95,BILTWELL,https://asset.lemansplatform.com/media/edge/B/4/B/B4BC58B4-150C-48F7-9687-72DE269F6802.png
"0101-9956",HELMET LANESPLTR BRNZ XXL,22471,249.95,BILTWELL,https://asset.lemansplatform.com/media/edge/B/4/B/B4BC58B4-150C-48F7-9687-72DE269F6802.png
"0101-9957",HELMET LANESPLTR FSLV XS,22471,249.95,BILTWELL,https://asset.lemansplatform.com/media/edge/E/3/4/E349A52A-1102-4BFE-9898-001A18198E9B.png
"0101-9958",HELMET LANESPLTR FSLV SM,22471,249.95,BILTWELL,https://asset.lemansplatform.com/media/edge/E/3/4/E349A52A-1102-4BFE-9898-001A18198E9B.png
"0101-9959",HELMET LANESPLTR FSLV MD,22471,249.95,BILTWELL,https://asset.lemansplatform.com/media/edge/E/3/4/E349A52A-1102-4BFE-9898-001A18198E9B.png
"0101-9960",HELMET LANESPLTR FSLV LG,22471,249.95,BILTWELL,https://asset.lemansplatform.com/media/edge/E/3/4/E349A52A-1102-4BFE-9898-001A18198E9B.png
"0101-9961",HELMET LANESPLTR FSLV XL,22471,249.95,BILTWELL,https://asset.lemansplatform.com/media/edge/E/3/4/E349A52A-1102-4BFE-9898-001A18198E9B.png
"0101-9962",HELMET LANESPLTR FSLV XXL,22471,249.95,BILTWELL,https://asset.lemansplatform.com/media/edge/E/3/4/E349A52A-1102-4BFE-9898-001A18198E9B.png
"0101-9963",HELMET LANESPLTR BRED XS,22471,249.95,BILTWELL,https://asset.lemansplatform.com/media/edge/B/A/4/BA47FEE0-3140-40A5-9887-4A0BC5422771.png
"0101-9964",HELMET LANESPLTR BRED SM,22471,249.95,BILTWELL,https://asset.lemansplatform.com/media/edge/B/A/4/BA47FEE0-3140-40A5-9887-4A0BC5422771.png
"0101-9965",HELMET LANESPLTR BRED MD,22471,249.95,BILTWELL,https://asset.lemansplatform.com/media/edge/B/A/4/BA47FEE0-3140-40A5-9887-4A0BC5422771.png
"0101-9966",HELMET LANESPLTR BRED LG,22471,249.95,BILTWELL,https://asset.lemansplatform.com/media/edge/B/A/4/BA47FEE0-3140-40A5-9887-4A0BC5422771.png
"0101-9967",HELMET LANESPLTR BRED XL,22471,249.95,BILTWELL,https://asset.lemansplatform.com/media/edge/B/A/4/BA47FEE0-3140-40A5-9887-4A0BC5422771.png
"0101-9968",HELMET LANESPLTR BRED XXL,22471,249.95,BILTWELL,https://asset.lemansplatform.com/media/edge/B/A/4/BA47FEE0-3140-40A5-9887-4A0BC5422771.png
"0101-9969",HELMET LANESPLTR FTIT XS,22471,249.95,BILTWELL,https://asset.lemansplatform.com/media/edge/5/6/3/563E79F3-DCA3-4184-B2FD-207144BF3DAB.png
"0101-9970",HELMET LANESPLTR FTIT SM,22471,249.95,BILTWELL,https://asset.lemansplatform.com/media/edge/5/6/3/563E79F3-DCA3-4184-B2FD-207144BF3DAB.png
"0101-9971",HELMET LANESPLTR FTIT MD,22471,249.95,BILTWELL,https://asset.lemansplatform.com/media/edge/5/6/3/563E79F3-DCA3-4184-B2FD-207144BF3DAB.png
"0101-9972",HELMET LANESPLTR FTIT LG,22471,249.95,BILTWELL,https://asset.lemansplatform.com/media/edge/5/6/3/563E79F3-DCA3-4184-B2FD-207144BF3DAB.png
"0101-9973",HELMET LANESPLTR FTIT XL,22471,249.95,BILTWELL,https://asset.lemansplatform.com/media/edge/5/6/3/563E79F3-DCA3-4184-B2FD-207144BF3DAB.png
"0101-9974",HELMET LANESPLTR FTIT XXL,22471,249.95,BILTWELL,https://asset.lemansplatform.com/media/edge/5/6/3/563E79F3-DCA3-4184-B2FD-207144BF3DAB.png
"0104-0182",HELMET ACE BLACK XXS,2659,94.95,Z1R,https://asset.lemansplatform.com/media/edge/4/2/0/420B0454-E5FC-431C-89C8-C96957451CBD.png
"0104-0183",HELMET ACE BLACK XS,2659,94.95,Z1R,https://asset.lemansplatform.com/media/edge/4/2/0/420B0454-E5FC-431C-89C8-C96957451CBD.png
"0104-0184",HELMET ACE BLACK SM,2659,94.95,Z1R,https://asset.lemansplatform.com/media/edge/4/2/0/420B0454-E5FC-431C-89C8-C96957451CBD.png
"0104-0185",HELMET ACE BLACK MD,2659,94.95,Z1R,https://asset.lemansplatform.com/media/edge/4/2/0/420B0454-E5FC-431C-89C8-C96957451CBD.png
"0104-0186",HELMET ACE BLACK LG,2659,94.95,Z1R,https://asset.lemansplatform.com/media/edge/4/2/0/420B0454-E5FC-431C-89C8-C96957451CBD.png
"0104-0187",HELMET ACE BLACK XL,2659,94.95,Z1R,https://asset.lemansplatform.com/media/edge/4/2/0/420B0454-E5FC-431C-89C8-C96957451CBD.png
"0104-0188",HELMET ACE BLACK 2X,2659,94.95,Z1R,https://asset.lemansplatform.com/media/edge/4/2/0/420B0454-E5FC-431C-89C8-C96957451CBD.png
"0104-0189",HELMET ACE BLACK 3X,2659,94.95,Z1R,https://asset.lemansplatform.com/media/edge/4/2/0/420B0454-E5FC-431C-89C8-C96957451CBD.png
"0104-0190",HELMET ACE WHITE XXS,2659,94.95,Z1R,https://asset.lemansplatform.com/media/edge/7/7/4/7749BB91-8687-44ED-A0F7-40D988F412F2.png
"0104-0191",HELMET ACE WHITE XS,2659,94.95,Z1R,https://asset.lemansplatform.com/media/edge/7/7/4/7749BB91-8687-44ED-A0F7-40D988F412F2.png
"0104-0192",HELMET ACE WHITE SM,2659,94.95,Z1R,https://asset.lemansplatform.com/media/edge/7/7/4/7749BB91-8687-44ED-A0F7-40D988F412F2.png
"0104-0193",HELMET ACE WHITE MD,2659,94.95,Z1R,https://asset.lemansplatform.com/media/edge/7/7/4/7749BB91-8687-44ED-A0F7-40D988F412F2.png
"0104-0194",HELMET ACE WHITE LG,2659,94.95,Z1R,https://asset.lemansplatform.com/media/edge/7/7/4/7749BB91-8687-44ED-A0F7-40D988F412F2.png
"0104-0195",HELMET ACE WHITE XL,2659,94.95,Z1R,https://asset.lemansplatform.com/media/edge/7/7/4/7749BB91-8687-44ED-A0F7-40D988F412F2.png
"0104-0196",HELMET ACE WHITE 2X,2659,94.95,Z1R,https://asset.lemansplatform.com/media/edge/7/7/4/7749BB91-8687-44ED-A0F7-40D988F412F2.png
"0104-0197",HELMET ACE WHITE 3X,2659,94.95,Z1R,https://asset.lemansplatform.com/media/edge/7/7/4/7749BB91-8687-44ED-A0F7-40D988F412F2.png
"0104-0198",HELMET ACE RED XXS,2659,94.95,Z1R,https://asset.lemansplatform.com/media/edge/2/D/B/2DBB1341-5C90-47F2-8318-506F46A8B460.png
"0104-0199",HELMET ACE RED XS,2659,94.95,Z1R,https://asset.lemansplatform.com/media/edge/2/D/B/2DBB1341-5C90-47F2-8318-506F46A8B460.png
"0104-0200",HELMET ACE RED SM,2659,94.95,Z1R,https://asset.lemansplatform.com/media/edge/2/D/B/2DBB1341-5C90-47F2-8318-506F46A8B460.png
"0104-0201",HELMET ACE RED MD,2659,94.95,Z1R,https://asset.lemansplatform.com/media/edge/2/D/B/2DBB1341-5C90-47F2-8318-506F46A8B460.png
"0104-0202",HELMET ACE RED LG,2659,94.95,Z1R,https://asset.lemansplatform.com/media/edge/2/D/B/2DBB1341-5C90-47F2-8318-506F46A8B460.png
"0104-0203",HELMET ACE RED XL,2659,94.95,Z1R,https://asset.lemansplatform.com/media/edge/2/D/B/2DBB1341-5C90-47F2-8318-506F46A8B460.png
"0104-0204",HELMET ACE RED 2X,2659,94.95,Z1R,https://asset.lemansplatform.com/media/edge/2/D/B/2DBB1341-5C90-47F2-8318-506F46A8B460.png
"0104-0205",HELMET ACE RED 3X,2659,94.95,Z1R,https://asset.lemansplatform.com/media/edge/2/D/B/2DBB1341-5C90-47F2-8318-506F46A8B460.png
"0104-0206",HELMET ACE SILVER XXS,2659,94.95,Z1R,https://asset.lemansplatform.com/media/edge/3/1/E/31E4C831-6882-4360-AEB7-793508A6C442.png
"0104-0207",HELMET ACE SILVER XS,2659,94.95,Z1R,https://asset.lemansplatform.com/media/edge/3/1/E/31E4C831-6882-4360-AEB7-793508A6C442.png
"0104-0208",HELMET ACE SILVER SM,2659,94.95,Z1R,https://asset.lemansplatform.com/media/edge/3/1/E/31E4C831-6882-4360-AEB7-793508A6C442.png
"0104-0209",HELMET ACE SILVER MD,2659,94.95,Z1R,https://asset.lemansplatform.com/media/edge/3/1/E/31E4C831-6882-4360-AEB7-793508A6C442.png
"0104-0210",HELMET ACE SILVER LG,2659,94.95,Z1R,https://asset.lemansplatform.com/media/edge/3/1/E/31E4C831-6882-4360-AEB7-793508A6C442.png
"0104-0211",HELMET ACE SILVER XL,2659,94.95,Z1R,https://asset.lemansplatform.com/media/edge/3/1/E/31E4C831-6882-4360-AEB7-793508A6C442.png
"0104-0212",HELMET ACE SILVER 2X,2659,94.95,Z1R,https://asset.lemansplatform.com/media/edge/3/1/E/31E4C831-6882-4360-AEB7-793508A6C442.png
"0104-0213",HELMET ACE SILVER 3X,2659,94.95,Z1R,https://asset.lemansplatform.com/media/edge/3/1/E/31E4C831-6882-4360-AEB7-793508A6C442.png
"0104-0215",HELMET ACE WINE XS,2659,94.95,Z1R,https://asset.lemansplatform.com/media/edge/E/8/4/E84551BA-A6D4-44A1-9ED9-62F06160C455.png
"0104-0216",HELMET ACE WINE SM,2659,94.95,Z1R,https://asset.lemansplatform.com/media/edge/E/8/4/E84551BA-A6D4-44A1-9ED9-62F06160C455.png
"0104-0217",HELMET ACE WINE MD,2659,94.95,Z1R,https://asset.lemansplatform.com/media/edge/E/8/4/E84551BA-A6D4-44A1-9ED9-62F06160C455.png
"0104-0218",HELMET ACE WINE LG,2659,94.95,Z1R,https://asset.lemansplatform.com/media/edge/E/8/4/E84551BA-A6D4-44A1-9ED9-62F06160C455.png
"0104-0219",HELMET ACE WINE XL,2659,94.95,Z1R,https://asset.lemansplatform.com/media/edge/E/8/4/E84551BA-A6D4-44A1-9ED9-62F06160C455.png
"0104-0220",HELMET ACE WINE 2X,2659,94.95,Z1R,https://asset.lemansplatform.com/media/edge/E/8/4/E84551BA-A6D4-44A1-9ED9-62F06160C455.png
"0104-0221",HELMET ACE WINE 3X,2659,94.95,Z1R,https://asset.lemansplatform.com/media/edge/E/8/4/E84551BA-A6D4-44A1-9ED9-62F06160C455.png
"0104-0935",HELMET ACE DARK SILVER XS,2659,94.95,Z1R,https://asset.lemansplatform.com/media/edge/1/D/1/1D1DE73D-5AB1-4C74-9CC4-ED48334190BA.png
"0104-0936",HELMET ACE DARK SILVER SM,2659,94.95,Z1R,https://asset.lemansplatform.com/media/edge/1/D/1/1D1DE73D-5AB1-4C74-9CC4-ED48334190BA.png
"0104-0937",HELMET ACE DARK SILVER MD,2659,94.95,Z1R,https://asset.lemansplatform.com/media/edge/1/D/1/1D1DE73D-5AB1-4C74-9CC4-ED48334190BA.png
"0104-0938",HELMET ACE DARK SILVER LG,2659,94.95,Z1R,https://asset.lemansplatform.com/media/edge/1/D/1/1D1DE73D-5AB1-4C74-9CC4-ED48334190BA.png
"0104-0939",HELMET ACE DARK SILVER XL,2659,94.95,Z1R,https://asset.lemansplatform.com/media/edge/1/D/1/1D1DE73D-5AB1-4C74-9CC4-ED48334190BA.png
"0104-0940",HELMET ACE DARK SILVER 2X,2659,94.95,Z1R,https://asset.lemansplatform.com/media/edge/1/D/1/1D1DE73D-5AB1-4C74-9CC4-ED48334190BA.png
"0104-0941",HELMET ACE DARK SILVER 3X,2659,94.95,Z1R,https://asset.lemansplatform.com/media/edge/1/D/1/1D1DE73D-5AB1-4C74-9CC4-ED48334190BA.png
"0104-1012",HELMET RP60 MET.SILVER XS,2674,219.95,AGV,https://asset.lemansplatform.com/media/edge/6/3/9/639B3782-F7AE-4869-9C5B-3EFE674220FE.png
"0104-1013",HELMET RP60 MET.SILVER SM,2674,219.95,AGV,https://asset.lemansplatform.com/media/edge/6/3/9/639B3782-F7AE-4869-9C5B-3EFE674220FE.png
"0104-1014",HELMET RP60 MET.SILVER MD,2674,219.95,AGV,https://asset.lemansplatform.com/media/edge/6/3/9/639B3782-F7AE-4869-9C5B-3EFE674220FE.png
"0104-1016",HELMET RP60 MET.SILVER XL,2674,219.95,AGV,https://asset.lemansplatform.com/media/edge/6/3/9/639B3782-F7AE-4869-9C5B-3EFE674220FE.png
"0104-1017",HELMET RP60 MET.ORANGE XS,2674,219.95,AGV,https://asset.lemansplatform.com/media/edge/F/A/6/FA602B5C-D614-415E-8F91-95F861029516.png
"0104-1018",HELMET RP60 MET.ORANGE SM,2674,219.95,AGV,https://asset.lemansplatform.com/media/edge/F/A/6/FA602B5C-D614-415E-8F91-95F861029516.png
"0104-1019",HELMET RP60 MET.ORANGE MD,2674,219.95,AGV,https://asset.lemansplatform.com/media/edge/F/A/6/FA602B5C-D614-415E-8F91-95F861029516.png
"0104-1021",HELMET RP60 MET.ORANGE XL,2674,219.95,AGV,https://asset.lemansplatform.com/media/edge/F/A/6/FA602B5C-D614-415E-8F91-95F861029516.png
"0104-1496",HELMET BONANZA TITNM XS,2699,99.95,BILTWELL,https://asset.lemansplatform.com/media/edge/B/8/D/B8DCF3A7-B92B-4301-9939-8B2E974731A2.png
"0104-1497",HELMET BONANZA TITNM SM,2699,99.95,BILTWELL,https://asset.lemansplatform.com/media/edge/B/8/D/B8DCF3A7-B92B-4301-9939-8B2E974731A2.png
"0104-1498",HELMET BONANZA TITNM MD,2699,99.95,BILTWELL,https://asset.lemansplatform.com/media/edge/B/8/D/B8DCF3A7-B92B-4301-9939-8B2E974731A2.png
"0104-1499",HELMET BONANZA TITNM LG,2699,99.95,BILTWELL,https://asset.lemansplatform.com/media/edge/B/8/D/B8DCF3A7-B92B-4301-9939-8B2E974731A2.png
"0104-1500",HELMET BONANZA TITNM XL,2699,99.95,BILTWELL,https://asset.lemansplatform.com/media/edge/B/8/D/B8DCF3A7-B92B-4301-9939-8B2E974731A2.png
"0104-1501",HELMET BONANZA TITNM XXL,2699,99.95,BILTWELL,https://asset.lemansplatform.com/media/edge/B/8/D/B8DCF3A7-B92B-4301-9939-8B2E974731A2.png
"0110-1247",HELMET ACE RUB.BLK XXS,2659,99.95,Z1R,https://asset.lemansplatform.com/media/edge/7/5/C/75CB2FA7-F628-41FA-B2B3-5AB5F804E8D6.png
"0110-1248",HELMET ACE RUB.BLK XS,2659,99.95,Z1R,https://asset.lemansplatform.com/media/edge/7/5/C/75CB2FA7-F628-41FA-B2B3-5AB5F804E8D6.png
"0110-1249",HELMET ACE RUB.BLK SM,2659,99.95,Z1R,https://asset.lemansplatform.com/media/edge/7/5/C/75CB2FA7-F628-41FA-B2B3-5AB5F804E8D6.png
"0110-1250",HELMET ACE RUB.BLK MD,2659,99.95,Z1R,https://asset.lemansplatform.com/media/edge/7/5/C/75CB2FA7-F628-41FA-B2B3-5AB5F804E8D6.png
"0110-1251",HELMET ACE RUB.BLK LG,2659,99.95,Z1R,https://asset.lemansplatform.com/media/edge/7/5/C/75CB2FA7-F628-41FA-B2B3-5AB5F804E8D6.png
"0110-1252",HELMET ACE RUB.BLK XL,2659,99.95,Z1R,https://asset.lemansplatform.com/media/edge/7/5/C/75CB2FA7-F628-41FA-B2B3-5AB5F804E8D6.png
"0110-1253",HELMET ACE RUB.BLK 2X,2659,99.95,Z1R,https://asset.lemansplatform.com/media/edge/7/5/C/75CB2FA7-F628-41FA-B2B3-5AB5F804E8D6.png
"0110-1254",HELMET ACE RUB.BLK 3X,2659,99.95,Z1R,https://asset.lemansplatform.com/media/edge/7/5/C/75CB2FA7-F628-41FA-B2B3-5AB5F804E8D6.png
"0110-3362",HELMET NAKED MATT BLK SM,1310,379.95,AGV,https://asset.lemansplatform.com/media/edge/D/D/8/DD8C6A49-91CC-4C26-ABA5-5180F99D97D0.png
"0110-3363",HELMET NAKED MATT BLK MD,1310,379.95,AGV,https://asset.lemansplatform.com/media/edge/D/D/8/DD8C6A49-91CC-4C26-ABA5-5180F99D97D0.png
"0110-3364",HELMET NAKED MATT BLK LG,1310,379.95,AGV,https://asset.lemansplatform.com/media/edge/D/D/8/DD8C6A49-91CC-4C26-ABA5-5180F99D97D0.png
"0110-3365",HELMET NAKED MATT BLK XL,1310,379.95,AGV,https://asset.lemansplatform.com/media/edge/D/D/8/DD8C6A49-91CC-4C26-ABA5-5180F99D97D0.png
"0110-3366",HELMET NAKED MATT BLK 2XL,1310,379.95,AGV,https://asset.lemansplatform.com/media/edge/D/D/8/DD8C6A49-91CC-4C26-ABA5-5180F99D97D0.png
"0110-4129",HELMET NAKED CARBON SM,1310,499.95,AGV,https://asset.lemansplatform.com/media/edge/8/9/4/894FEB65-1E8E-4E2E-80F7-262CF5D3CCB8.png
"0110-4130",HELMET NAKED CARBON MD,1310,499.95,AGV,https://asset.lemansplatform.com/media/edge/8/9/4/894FEB65-1E8E-4E2E-80F7-262CF5D3CCB8.png
"0110-4131",HELMET NAKED CARBON LG,1310,499.95,AGV,https://asset.lemansplatform.com/media/edge/8/9/4/894FEB65-1E8E-4E2E-80F7-262CF5D3CCB8.png
"0110-4132",HELMET NAKED CARBON XL,1310,499.95,AGV,https://asset.lemansplatform.com/media/edge/8/9/4/894FEB65-1E8E-4E2E-80F7-262CF5D3CCB8.png
"0110-4133",HELMET NAKED CARBON 2XL,1310,499.95,AGV,https://asset.lemansplatform.com/media/edge/8/9/4/894FEB65-1E8E-4E2E-80F7-262CF5D3CCB8.png
"0110-4390",HELMET NAKED FURY SM,1310,499.95,AGV,https://asset.lemansplatform.com/media/edge/9/1/3/91328E1D-2561-4303-A38C-1D6368EC275C.png
"0110-4391",HELMET NAKED FURY MD,1310,499.95,AGV,https://asset.lemansplatform.com/media/edge/9/1/3/91328E1D-2561-4303-A38C-1D6368EC275C.png
"0110-4392",HELMET NAKED FURY LG,1310,499.95,AGV,https://asset.lemansplatform.com/media/edge/9/1/3/91328E1D-2561-4303-A38C-1D6368EC275C.png
"0110-4393",HELMET NAKED FURY XL,1310,499.95,AGV,https://asset.lemansplatform.com/media/edge/9/1/3/91328E1D-2561-4303-A38C-1D6368EC275C.png
"0110-4394",HELMET NAKED FURY 2XL,1310,499.95,AGV,https://asset.lemansplatform.com/media/edge/9/1/3/91328E1D-2561-4303-A38C-1D6368EC275C.png
"0110-4676",HELMET AX8 CARBN WH/RD SM,1287,479.95,AGV,https://asset.lemansplatform.com/media/edge/2/B/D/2BDDD0B9-0E52-4F6B-B6B5-5A70EBC00A4A.png
"0110-4680",HELMET AX8 CARBN WH/RD 2X,1287,479.95,AGV,https://asset.lemansplatform.com/media/edge/2/B/D/2BDDD0B9-0E52-4F6B-B6B5-5A70EBC00A4A.png
"0110-4681",HELMET AX8 CARBN GN/GY SM,1287,479.95,AGV,https://asset.lemansplatform.com/media/edge/A/5/8/A580C2D4-F26C-45DE-ADDC-39BEF2CF9677.png
"0110-4682",HELMET AX8 CARBN GN/GY MD,1287,479.95,AGV,https://asset.lemansplatform.com/media/edge/A/5/8/A580C2D4-F26C-45DE-ADDC-39BEF2CF9677.png
"0110-4683",HELMET AX8 CARBN GN/GY LG,1287,479.95,AGV,https://asset.lemansplatform.com/media/edge/A/5/8/A580C2D4-F26C-45DE-ADDC-39BEF2CF9677.png
"0110-4684",HELMET AX8 CARBN GN/GY XL,1287,479.95,AGV,https://asset.lemansplatform.com/media/edge/A/5/8/A580C2D4-F26C-45DE-ADDC-39BEF2CF9677.png
"0110-4685",HELMET AX8 CARBN GN/GY 2X,1287,479.95,AGV,https://asset.lemansplatform.com/media/edge/A/5/8/A580C2D4-F26C-45DE-ADDC-39BEF2CF9677.png
